{
  "mean": [
    108.49553000000033,
    108.63350499999997,
    131.20595,
    131.3161800000001,
    95.9729649999998,
    95.6358399999999,
    140.33148500000004,
    140.61149500000008,
    81.36700500000002,
    81.23329999999982,
    32.85450000000003,
    2.0602499999999986,
    27.490060000000003,
    1.9893850000000037,
    0.48821499999999934,
    7.740500000000002,
    0.7271099999999997,
    0.5
  ],
  "std": [
    30.874634082351456,
    30.323701343420705,
    26.368426608303754,
    26.110240946946465,
    37.91337414631903,
    36.24046092690328,
    28.782209775220025,
    26.966094218758762,
    13.30369606086876,
    11.286236379325041,
    17.51352002454102,
    1.403843914934993,
    9.033343433989442,
    2.953792811247091,
    0.06914379057442548,
    16.984743735187905,
    0.10360003330115289,
    0.3535533905932738
  ],
  "features": [
    "hip_angle_l",
    "hip_angle_r",
    "knee_angle_l",
    "knee_angle_r",
    "shoulder_angle_l",
    "shoulder_angle_r",
    "elbow_angle_l",
    "elbow_angle_r",
    "ankle_dorsiflexion_l",
    "ankle_dorsiflexion_r",
    "trunk_lean",
    "spine_deviation",
    "shoulder_hip_sep",
    "head_forward_pos",
    "com_height_norm",
    "estimated_jump_height",
    "limb_symmetry_idx",
    "sport_idx"
  ]
}